account,stake_address
c2thecount,stake1uxu39umguqj3hwr2733mtmj3ugg24rhy39ed9w0p3cdglygvc5phm
princey,stake1ux3qhf38y4cye9sqekfqrjxd3j6quqkrcrv3jawm6rm83ngsj7tt4
c2crypto,stake1u8ntgn3kg3udj6k0l5eh9f2sp2zjc59p9lrarrwwe4swr5qrhygdh
c2thecryptocount,stake1ux8ngzqk3hm5yjt5m86gvyhrphal3pkdkuy0zktl3akc2gqmumcyq
c2sanctum,stake1uy6hlvakurzjadceu47kd4fpar9qmd2ls368pjpvnhpx6hg4563w7
c2cypher,stake1uyhfwkvqnaugqtp35f2falakvmrt4493zzpuuvk0t23lqkcg08wj8
c2catalyst,stake1u9rlgclssyrxcppp0fec8xmhtsyanav4pvs9fc4laat2fmqkl9fm7


